{"goalObjectives":[{"weight":10.0,"weightedValue":967168.0,"value":1889.0,"verbalization":"Maximize total plants allocations","scaledWeight":512.0},{"weight":5.0,"weightedValue":65248.0,"value":4078.0,"verbalization":"Minimize total Cost of plants over all allocations","scaledWeight":16.0},{"weight":7.0,"weightedValue":501376.0,"value":7834.0,"verbalization":"Maximize total Profit of plants over all allocations","scaledWeight":64.0}],"decisions_sorted_columns":{"plantsAllocation":["plants","plants allocation decision","selected plants decision","plants Capacity","plants Profit","plants Product","plants Plants","plants Cost","plants minValueAllocationForAssignment"]},"decisions_schema":{"plantsAllocation":[{"domainConcepts":"cItem","semantic":"cAllocation,plants","level":1,"isKPI":false,"concept":"plants","isKey":true,"isDecision":false,"id":"plants","type":"NUMBER"},{"domainConcepts":"cAllocation","semantic":null,"level":10,"isKPI":false,"concept":"cAllocation","isKey":false,"isDecision":true,"id":"plants allocation decision","type":"NUMBER"},{"domainConcepts":"cSelection","semantic":null,"level":2,"isKPI":false,"concept":"plants","isKey":false,"isDecision":true,"id":"selected plants decision","type":"BOOLEAN"},{"domainConcepts":"cItem","semantic":"cAllocation,plants","level":2,"isKPI":false,"concept":"plants","isKey":false,"isDecision":false,"id":"plants Capacity","type":"NUMBER"},{"domainConcepts":"cItem","semantic":"cAllocation,plants","level":2,"isKPI":false,"concept":"plants","isKey":false,"isDecision":false,"id":"plants Profit","type":"NUMBER"},{"domainConcepts":"","semantic":"cAllocation,plants,customerDemand","level":3,"isKPI":false,"concept":"customerDemand","isKey":false,"isDecision":false,"id":"plants Product","type":"STRING"},{"domainConcepts":"","semantic":"cAllocation,plants,Plants","level":3,"isKPI":false,"concept":"Plants","isKey":false,"isDecision":false,"id":"plants Plants","type":"STRING"},{"domainConcepts":"cItem","semantic":"cAllocation,plants","level":2,"isKPI":false,"concept":"plants","isKey":false,"isDecision":false,"id":"plants Cost","type":"NUMBER"},{"domainConcepts":"cItem","semantic":"cAllocation,plants","level":2,"isKPI":false,"concept":"plants","isKey":false,"isDecision":false,"id":"plants minValueAllocationForAssignment","type":"NUMBER"}]},"decisions":{"plantsAllocation":[{"plants minValueAllocationForAssignment":0,"plants allocation decision":0,"plants Product":"AirFreshner","plants Capacity":40,"plants Profit":3,"plants":1,"selected plants decision":"1.0","plants Cost":3,"plants Plants":"Mumbai"},{"plants minValueAllocationForAssignment":0,"plants allocation decision":30,"plants Product":"Boilers","plants Capacity":30,"plants Profit":4,"plants":2,"selected plants decision":"1.0","plants Cost":2,"plants Plants":"Ahmedabad"},{"plants minValueAllocationForAssignment":0,"plants allocation decision":0,"plants Product":"Batteries","plants Capacity":30,"plants Profit":2,"plants":3,"selected plants decision":"1.0","plants Cost":1,"plants Plants":"Vizag"},{"plants minValueAllocationForAssignment":0,"plants allocation decision":78,"plants Product":"IndustrialGenerators","plants Capacity":100,"plants Profit":5,"plants":4,"selected plants decision":"1.0","plants Cost":3,"plants Plants":"Chennai"},{"plants minValueAllocationForAssignment":0,"plants allocation decision":29,"plants Product":"Screws","plants Capacity":60,"plants Profit":6,"plants":5,"selected plants decision":"1.0","plants Cost":2,"plants Plants":"Hyderabad"},{"plants minValueAllocationForAssignment":0,"plants allocation decision":45,"plants Product":"Chargers","plants Capacity":45,"plants Profit":4,"plants":6,"selected plants decision":"1.0","plants Cost":1,"plants Plants":"Mumbai"},{"plants minValueAllocationForAssignment":0,"plants allocation decision":4,"plants Product":"Hinges","plants Capacity":40,"plants Profit":3,"plants":7,"selected plants decision":"1.0","plants Cost":3,"plants Plants":"Mumbai"},{"plants minValueAllocationForAssignment":0,"plants allocation decision":0,"plants Product":"DrawerGlides","plants Capacity":30,"plants Profit":2,"plants":8,"selected plants decision":"1.0","plants Cost":2,"plants Plants":"Ahmedabad"},{"plants minValueAllocationForAssignment":0,"plants allocation decision":0,"plants Product":"FinishingChemicals","plants Capacity":30,"plants Profit":3,"plants":9,"selected plants decision":"1.0","plants Cost":1,"plants Plants":"Vizag"},{"plants minValueAllocationForAssignment":0,"plants allocation decision":4,"plants Product":"Paint","plants Capacity":100,"plants Profit":1,"plants":10,"selected plants decision":"1.0","plants Cost":3,"plants Plants":"Chennai"},{"plants minValueAllocationForAssignment":0,"plants allocation decision":60,"plants Product":"Steel","plants Capacity":60,"plants Profit":3,"plants":11,"selected plants decision":"1.0","plants Cost":2,"plants Plants":"Hyderabad"},{"plants minValueAllocationForAssignment":0,"plants allocation decision":0,"plants Product":"Oil","plants Capacity":45,"plants Profit":4,"plants":12,"selected plants decision":"1.0","plants Cost":1,"plants Plants":"Delhi"},{"plants minValueAllocationForAssignment":0,"plants allocation decision":40,"plants Product":"Gasoline","plants Capacity":40,"plants Profit":5,"plants":13,"selected plants decision":"1.0","plants Cost":3,"plants Plants":"Mumbai"},{"plants minValueAllocationForAssignment":0,"plants allocation decision":0,"plants Product":"Lumber","plants Capacity":30,"plants Profit":3,"plants":14,"selected plants decision":"1.0","plants Cost":2,"plants Plants":"Ahmedabad"},{"plants minValueAllocationForAssignment":0,"plants allocation decision":9,"plants Product":"Plastic","plants Capacity":30,"plants Profit":4,"plants":15,"selected plants decision":"1.0","plants Cost":1,"plants Plants":"Vizag"},{"plants minValueAllocationForAssignment":0,"plants allocation decision":100,"plants Product":"Coal","plants Capacity":100,"plants Profit":2,"plants":16,"selected plants decision":"1.0","plants Cost":3,"plants Plants":"Chennai"},{"plants minValueAllocationForAssignment":0,"plants allocation decision":57,"plants Product":"NaturalGas","plants Capacity":60,"plants Profit":5,"plants":17,"selected plants decision":"1.0","plants Cost":2,"plants Plants":"Hyderabad"},{"plants minValueAllocationForAssignment":0,"plants allocation decision":44,"plants Product":"CarbonFiber","plants Capacity":45,"plants Profit":6,"plants":18,"selected plants decision":"1.0","plants Cost":1,"plants Plants":"Delhi"},{"plants minValueAllocationForAssignment":0,"plants allocation decision":0,"plants Product":"SiliconNitrideBalls","plants Capacity":40,"plants Profit":4,"plants":19,"selected plants decision":"1.0","plants Cost":3,"plants Plants":"Mumbai"},{"plants minValueAllocationForAssignment":0,"plants allocation decision":0,"plants Product":"Titanium","plants Capacity":30,"plants Profit":3,"plants":20,"selected plants decision":"1.0","plants Cost":2,"plants Plants":"Ahmedabad"},{"plants minValueAllocationForAssignment":0,"plants allocation decision":30,"plants Product":"Derailleurs","plants Capacity":30,"plants Profit":2,"plants":21,"selected plants decision":"1.0","plants Cost":1,"plants Plants":"Vizag"},{"plants minValueAllocationForAssignment":0,"plants allocation decision":28,"plants Product":"Brakes","plants Capacity":100,"plants Profit":3,"plants":22,"selected plants decision":"1.0","plants Cost":3,"plants Plants":"Chennai"},{"plants minValueAllocationForAssignment":0,"plants allocation decision":0,"plants Product":"Chains","plants Capacity":60,"plants Profit":1,"plants":23,"selected plants decision":"1.0","plants Cost":2,"plants Plants":"Hyderabad"},{"plants minValueAllocationForAssignment":0,"plants allocation decision":0,"plants Product":"Wheels","plants Capacity":45,"plants Profit":3,"plants":24,"selected plants decision":"1.0","plants Cost":1,"plants Plants":"Delhi"},{"plants minValueAllocationForAssignment":0,"plants allocation decision":0,"plants Product":"Lights","plants Capacity":40,"plants Profit":4,"plants":25,"selected plants decision":"1.0","plants Cost":3,"plants Plants":"Mumbai"},{"plants minValueAllocationForAssignment":0,"plants allocation decision":9,"plants Product":"Rubber","plants Capacity":30,"plants Profit":5,"plants":26,"selected plants decision":"1.0","plants Cost":2,"plants Plants":"Ahmedabad"},{"plants minValueAllocationForAssignment":0,"plants allocation decision":30,"plants Product":"Water","plants Capacity":30,"plants Profit":3,"plants":27,"selected plants decision":"1.0","plants Cost":1,"plants Plants":"Vizag"},{"plants minValueAllocationForAssignment":0,"plants allocation decision":11,"plants Product":"Aluminum","plants Capacity":100,"plants Profit":4,"plants":28,"selected plants decision":"1.0","plants Cost":3,"plants Plants":"Chennai"},{"plants minValueAllocationForAssignment":0,"plants allocation decision":0,"plants Product":"HeatSink","plants Capacity":60,"plants Profit":2,"plants":29,"selected plants decision":"1.0","plants Cost":2,"plants Plants":"Hyderabad"},{"plants minValueAllocationForAssignment":0,"plants allocation decision":45,"plants Product":"AirFreshner","plants Capacity":45,"plants Profit":5,"plants":30,"selected plants decision":"1.0","plants Cost":1,"plants Plants":"Delhi"},{"plants minValueAllocationForAssignment":0,"plants allocation decision":40,"plants Product":"Boilers","plants Capacity":40,"plants Profit":6,"plants":31,"selected plants decision":"1.0","plants Cost":3,"plants Plants":"Mumbai"},{"plants minValueAllocationForAssignment":0,"plants allocation decision":16,"plants Product":"Batteries","plants Capacity":30,"plants Profit":4,"plants":32,"selected plants decision":"1.0","plants Cost":2,"plants Plants":"Ahmedabad"},{"plants minValueAllocationForAssignment":0,"plants allocation decision":0,"plants Product":"IndustrialGenerators","plants Capacity":30,"plants Profit":3,"plants":33,"selected plants decision":"1.0","plants Cost":1,"plants Plants":"Vizag"},{"plants minValueAllocationForAssignment":0,"plants allocation decision":0,"plants Product":"Screws","plants Capacity":100,"plants Profit":2,"plants":34,"selected plants decision":"1.0","plants Cost":3,"plants Plants":"Chennai"},{"plants minValueAllocationForAssignment":0,"plants allocation decision":0,"plants Product":"Chargers","plants Capacity":60,"plants Profit":3,"plants":35,"selected plants decision":"1.0","plants Cost":2,"plants Plants":"Hyderabad"},{"plants minValueAllocationForAssignment":0,"plants allocation decision":0,"plants Product":"Hinges","plants Capacity":45,"plants Profit":1,"plants":36,"selected plants decision":"1.0","plants Cost":1,"plants Plants":"Bangalore"},{"plants minValueAllocationForAssignment":0,"plants allocation decision":11,"plants Product":"DrawerGlides","plants Capacity":40,"plants Profit":3,"plants":37,"selected plants decision":"1.0","plants Cost":3,"plants Plants":"Mumbai"},{"plants minValueAllocationForAssignment":0,"plants allocation decision":30,"plants Product":"FinishingChemicals","plants Capacity":30,"plants Profit":4,"plants":38,"selected plants decision":"1.0","plants Cost":2,"plants Plants":"Ahmedabad"},{"plants minValueAllocationForAssignment":0,"plants allocation decision":30,"plants Product":"Paint","plants Capacity":30,"plants Profit":5,"plants":39,"selected plants decision":"1.0","plants Cost":1,"plants Plants":"Vizag"},{"plants minValueAllocationForAssignment":0,"plants allocation decision":73,"plants Product":"Steel","plants Capacity":100,"plants Profit":3,"plants":40,"selected plants decision":"1.0","plants Cost":3,"plants Plants":"Chennai"},{"plants minValueAllocationForAssignment":0,"plants allocation decision":0,"plants Product":"Oil","plants Capacity":60,"plants Profit":4,"plants":41,"selected plants decision":"1.0","plants Cost":2,"plants Plants":"Hyderabad"},{"plants minValueAllocationForAssignment":0,"plants allocation decision":0,"plants Product":"Gasoline","plants Capacity":45,"plants Profit":2,"plants":42,"selected plants decision":"1.0","plants Cost":1,"plants Plants":"Bangalore"},{"plants minValueAllocationForAssignment":0,"plants allocation decision":34,"plants Product":"Lumber","plants Capacity":40,"plants Profit":5,"plants":43,"selected plants decision":"1.0","plants Cost":3,"plants Plants":"Mumbai"},{"plants minValueAllocationForAssignment":0,"plants allocation decision":30,"plants Product":"Plastic","plants Capacity":30,"plants Profit":6,"plants":44,"selected plants decision":"1.0","plants Cost":2,"plants Plants":"Ahmedabad"},{"plants minValueAllocationForAssignment":0,"plants allocation decision":30,"plants Product":"Coal","plants Capacity":30,"plants Profit":4,"plants":45,"selected plants decision":"1.0","plants Cost":1,"plants Plants":"Vizag"},{"plants minValueAllocationForAssignment":0,"plants allocation decision":0,"plants Product":"NaturalGas","plants Capacity":100,"plants Profit":3,"plants":46,"selected plants decision":"1.0","plants Cost":3,"plants Plants":"Chennai"},{"plants minValueAllocationForAssignment":0,"plants allocation decision":0,"plants Product":"CarbonFiber","plants Capacity":60,"plants Profit":2,"plants":47,"selected plants decision":"1.0","plants Cost":2,"plants Plants":"Hyderabad"},{"plants minValueAllocationForAssignment":0,"plants allocation decision":0,"plants Product":"SiliconNitrideBalls","plants Capacity":45,"plants Profit":3,"plants":48,"selected plants decision":"1.0","plants Cost":1,"plants Plants":"Bangalore"},{"plants minValueAllocationForAssignment":0,"plants allocation decision":0,"plants Product":"Titanium","plants Capacity":40,"plants Profit":1,"plants":49,"selected plants decision":"1.0","plants Cost":3,"plants Plants":"Mumbai"},{"plants minValueAllocationForAssignment":0,"plants allocation decision":30,"plants Product":"Derailleurs","plants Capacity":30,"plants Profit":3,"plants":50,"selected plants decision":"1.0","plants Cost":2,"plants Plants":"Ahmedabad"},{"plants minValueAllocationForAssignment":0,"plants allocation decision":30,"plants Product":"Brakes","plants Capacity":30,"plants Profit":4,"plants":51,"selected plants decision":"1.0","plants Cost":1,"plants Plants":"Vizag"},{"plants minValueAllocationForAssignment":0,"plants allocation decision":100,"plants Product":"Chains","plants Capacity":100,"plants Profit":5,"plants":52,"selected plants decision":"1.0","plants Cost":3,"plants Plants":"Chennai"},{"plants minValueAllocationForAssignment":0,"plants allocation decision":0,"plants Product":"Wheels","plants Capacity":60,"plants Profit":3,"plants":53,"selected plants decision":"1.0","plants Cost":2,"plants Plants":"Hyderabad"},{"plants minValueAllocationForAssignment":0,"plants allocation decision":16,"plants Product":"Lights","plants Capacity":45,"plants Profit":4,"plants":54,"selected plants decision":"1.0","plants Cost":1,"plants Plants":"Bangalore"},{"plants minValueAllocationForAssignment":0,"plants allocation decision":0,"plants Product":"Rubber","plants Capacity":40,"plants Profit":2,"plants":55,"selected plants decision":"1.0","plants Cost":3,"plants Plants":"Mumbai"},{"plants minValueAllocationForAssignment":0,"plants allocation decision":30,"plants Product":"Water","plants Capacity":30,"plants Profit":5,"plants":56,"selected plants decision":"1.0","plants Cost":2,"plants Plants":"Ahmedabad"},{"plants minValueAllocationForAssignment":0,"plants allocation decision":30,"plants Product":"Aluminum","plants Capacity":30,"plants Profit":6,"plants":57,"selected plants decision":"1.0","plants Cost":1,"plants Plants":"Vizag"},{"plants minValueAllocationForAssignment":0,"plants allocation decision":4,"plants Product":"HeatSink","plants Capacity":100,"plants Profit":4,"plants":58,"selected plants decision":"1.0","plants Cost":3,"plants Plants":"Chennai"},{"plants minValueAllocationForAssignment":0,"plants allocation decision":36,"plants Product":"AirFreshner","plants Capacity":60,"plants Profit":3,"plants":59,"selected plants decision":"1.0","plants Cost":2,"plants Plants":"Hyderabad"},{"plants minValueAllocationForAssignment":0,"plants allocation decision":5,"plants Product":"Boilers","plants Capacity":45,"plants Profit":2,"plants":60,"selected plants decision":"1.0","plants Cost":1,"plants Plants":"Bangalore"},{"plants minValueAllocationForAssignment":0,"plants allocation decision":0,"plants Product":"Batteries","plants Capacity":40,"plants Profit":3,"plants":61,"selected plants decision":"1.0","plants Cost":3,"plants Plants":"Mumbai"},{"plants minValueAllocationForAssignment":0,"plants allocation decision":0,"plants Product":"IndustrialGenerators","plants Capacity":30,"plants Profit":1,"plants":62,"selected plants decision":"1.0","plants Cost":2,"plants Plants":"Ahmedabad"},{"plants minValueAllocationForAssignment":0,"plants allocation decision":0,"plants Product":"Screws","plants Capacity":30,"plants Profit":3,"plants":63,"selected plants decision":"1.0","plants Cost":1,"plants Plants":"Vizag"},{"plants minValueAllocationForAssignment":0,"plants allocation decision":5,"plants Product":"Chargers","plants Capacity":100,"plants Profit":4,"plants":64,"selected plants decision":"1.0","plants Cost":3,"plants Plants":"Chennai"},{"plants minValueAllocationForAssignment":0,"plants allocation decision":60,"plants Product":"Hinges","plants Capacity":60,"plants Profit":5,"plants":65,"selected plants decision":"1.0","plants Cost":2,"plants Plants":"Hyderabad"},{"plants minValueAllocationForAssignment":0,"plants allocation decision":45,"plants Product":"DrawerGlides","plants Capacity":45,"plants Profit":3,"plants":66,"selected plants decision":"1.0","plants Cost":1,"plants Plants":"Kolkata"},{"plants minValueAllocationForAssignment":0,"plants allocation decision":11,"plants Product":"FinishingChemicals","plants Capacity":40,"plants Profit":4,"plants":67,"selected plants decision":"1.0","plants Cost":3,"plants Plants":"Mumbai"},{"plants minValueAllocationForAssignment":0,"plants allocation decision":30,"plants Product":"Paint","plants Capacity":30,"plants Profit":2,"plants":68,"selected plants decision":"1.0","plants Cost":2,"plants Plants":"Ahmedabad"},{"plants minValueAllocationForAssignment":0,"plants allocation decision":30,"plants Product":"Steel","plants Capacity":30,"plants Profit":5,"plants":69,"selected plants decision":"1.0","plants Cost":1,"plants Plants":"Vizag"},{"plants minValueAllocationForAssignment":0,"plants allocation decision":93,"plants Product":"Oil","plants Capacity":100,"plants Profit":6,"plants":70,"selected plants decision":"1.0","plants Cost":3,"plants Plants":"Chennai"},{"plants minValueAllocationForAssignment":0,"plants allocation decision":5,"plants Product":"Gasoline","plants Capacity":60,"plants Profit":4,"plants":71,"selected plants decision":"1.0","plants Cost":2,"plants Plants":"Hyderabad"},{"plants minValueAllocationForAssignment":0,"plants allocation decision":0,"plants Product":"Lumber","plants Capacity":45,"plants Profit":3,"plants":72,"selected plants decision":"1.0","plants Cost":1,"plants Plants":"Kolkata"},{"plants minValueAllocationForAssignment":0,"plants allocation decision":0,"plants Product":"Plastic","plants Capacity":40,"plants Profit":2,"plants":73,"selected plants decision":"1.0","plants Cost":3,"plants Plants":"Mumbai"},{"plants minValueAllocationForAssignment":0,"plants allocation decision":30,"plants Product":"Coal","plants Capacity":30,"plants Profit":3,"plants":74,"selected plants decision":"1.0","plants Cost":2,"plants Plants":"Ahmedabad"},{"plants minValueAllocationForAssignment":0,"plants allocation decision":0,"plants Product":"NaturalGas","plants Capacity":30,"plants Profit":1,"plants":75,"selected plants decision":"1.0","plants Cost":1,"plants Plants":"Vizag"},{"plants minValueAllocationForAssignment":0,"plants allocation decision":0,"plants Product":"CarbonFiber","plants Capacity":100,"plants Profit":3,"plants":76,"selected plants decision":"1.0","plants Cost":3,"plants Plants":"Chennai"},{"plants minValueAllocationForAssignment":0,"plants allocation decision":49,"plants Product":"SiliconNitrideBalls","plants Capacity":60,"plants Profit":4,"plants":77,"selected plants decision":"1.0","plants Cost":2,"plants Plants":"Hyderabad"},{"plants minValueAllocationForAssignment":0,"plants allocation decision":14,"plants Product":"Titanium","plants Capacity":45,"plants Profit":5,"plants":78,"selected plants decision":"1.0","plants Cost":1,"plants Plants":"Kolkata"},{"plants minValueAllocationForAssignment":0,"plants allocation decision":40,"plants Product":"Derailleurs","plants Capacity":40,"plants Profit":3,"plants":79,"selected plants decision":"1.0","plants Cost":3,"plants Plants":"Mumbai"},{"plants minValueAllocationForAssignment":0,"plants allocation decision":30,"plants Product":"Brakes","plants Capacity":30,"plants Profit":4,"plants":80,"selected plants decision":"1.0","plants Cost":2,"plants Plants":"Ahmedabad"},{"plants minValueAllocationForAssignment":0,"plants allocation decision":21,"plants Product":"Chains","plants Capacity":30,"plants Profit":2,"plants":81,"selected plants decision":"1.0","plants Cost":1,"plants Plants":"Vizag"},{"plants minValueAllocationForAssignment":0,"plants allocation decision":35,"plants Product":"Wheels","plants Capacity":100,"plants Profit":5,"plants":82,"selected plants decision":"1.0","plants Cost":3,"plants Plants":"Chennai"},{"plants minValueAllocationForAssignment":0,"plants allocation decision":60,"plants Product":"Lights","plants Capacity":60,"plants Profit":6,"plants":83,"selected plants decision":"1.0","plants Cost":2,"plants Plants":"Hyderabad"},{"plants minValueAllocationForAssignment":0,"plants allocation decision":0,"plants Product":"Rubber","plants Capacity":45,"plants Profit":4,"plants":84,"selected plants decision":"1.0","plants Cost":1,"plants Plants":"Kolkata"},{"plants minValueAllocationForAssignment":0,"plants allocation decision":12,"plants Product":"Water","plants Capacity":40,"plants Profit":3,"plants":85,"selected plants decision":"1.0","plants Cost":3,"plants Plants":"Mumbai"},{"plants minValueAllocationForAssignment":0,"plants allocation decision":0,"plants Product":"Aluminum","plants Capacity":30,"plants Profit":2,"plants":86,"selected plants decision":"1.0","plants Cost":2,"plants Plants":"Ahmedabad"},{"plants minValueAllocationForAssignment":0,"plants allocation decision":0,"plants Product":"HeatSink","plants Capacity":30,"plants Profit":3,"plants":87,"selected plants decision":"1.0","plants Cost":1,"plants Plants":"Vizag"},{"plants minValueAllocationForAssignment":0,"plants allocation decision":31,"plants Product":"Coal","plants Capacity":100,"plants Profit":1,"plants":88,"selected plants decision":"1.0","plants Cost":3,"plants Plants":"Chennai"},{"plants minValueAllocationForAssignment":0,"plants allocation decision":60,"plants Product":"Steel","plants Capacity":60,"plants Profit":3,"plants":89,"selected plants decision":"1.0","plants Cost":2,"plants Plants":"Hyderabad"},{"plants minValueAllocationForAssignment":0,"plants allocation decision":0,"plants Product":"Oil","plants Capacity":45,"plants Profit":4,"plants":90,"selected plants decision":"1.0","plants Cost":1,"plants Plants":"Kolkata"}]}}