Id,Plants,Cost,Capacity,Product,Profit
1,Mumbai,3,40,AirFreshner,3
2,Ahmedabad,2,30,Boilers,4
3,Vizag,1,30,Batteries,2
4,Chennai,3,100,IndustrialGenerators,5
5,Hyderabad,2,60,Screws,6
6,Mumbai,1,45,Chargers,4
7,Mumbai,3,40,Hinges,3
8,Ahmedabad,2,30,DrawerGlides,2
9,Vizag,1,30,FinishingChemicals,3
10,Chennai,3,100,Paint,1
11,Hyderabad,2,60,Steel,3
12,Delhi,1,45,Oil,4
13,Mumbai,3,40,Gasoline,5
14,Ahmedabad,2,30,Lumber,3
15,Vizag,1,30,Plastic,4
16,Chennai,3,100,Coal,2
17,Hyderabad,2,60,NaturalGas,5
18,Delhi,1,45,CarbonFiber,6
19,Mumbai,3,40,SiliconNitrideBalls,4
20,Ahmedabad,2,30,Titanium,3
21,Vizag,1,30,Derailleurs,2
22,Chennai,3,100,Brakes,3
23,Hyderabad,2,60,Chains,1
24,Delhi,1,45,Wheels,3
25,Mumbai,3,40,Lights,4
26,Ahmedabad,2,30,Rubber,5
27,Vizag,1,30,Water,3
28,Chennai,3,100,Aluminum,4
29,Hyderabad,2,60,HeatSink,2
30,Delhi,1,45,AirFreshner,5
31,Mumbai,3,40,Boilers,6
32,Ahmedabad,2,30,Batteries,4
33,Vizag,1,30,IndustrialGenerators,3
34,Chennai,3,100,Screws,2
35,Hyderabad,2,60,Chargers,3
36,Bangalore,1,45,Hinges,1
37,Mumbai,3,40,DrawerGlides,3
38,Ahmedabad,2,30,FinishingChemicals,4
39,Vizag,1,30,Paint,5
40,Chennai,3,100,Steel,3
41,Hyderabad,2,60,Oil,4
42,Bangalore,1,45,Gasoline,2
43,Mumbai,3,40,Lumber,5
44,Ahmedabad,2,30,Plastic,6
45,Vizag,1,30,Coal,4
46,Chennai,3,100,NaturalGas,3
47,Hyderabad,2,60,CarbonFiber,2
48,Bangalore,1,45,SiliconNitrideBalls,3
49,Mumbai,3,40,Titanium,1
50,Ahmedabad,2,30,Derailleurs,3
51,Vizag,1,30,Brakes,4
52,Chennai,3,100,Chains,5
53,Hyderabad,2,60,Wheels,3
54,Bangalore,1,45,Lights,4
55,Mumbai,3,40,Rubber,2
56,Ahmedabad,2,30,Water,5
57,Vizag,1,30,Aluminum,6
58,Chennai,3,100,HeatSink,4
59,Hyderabad,2,60,AirFreshner,3
60,Bangalore,1,45,Boilers,2
61,Mumbai,3,40,Batteries,3
62,Ahmedabad,2,30,IndustrialGenerators,1
63,Vizag,1,30,Screws,3
64,Chennai,3,100,Chargers,4
65,Hyderabad,2,60,Hinges,5
66,Kolkata,1,45,DrawerGlides,3
67,Mumbai,3,40,FinishingChemicals,4
68,Ahmedabad,2,30,Paint,2
69,Vizag,1,30,Steel,5
70,Chennai,3,100,Oil,6
71,Hyderabad,2,60,Gasoline,4
72,Kolkata,1,45,Lumber,3
73,Mumbai,3,40,Plastic,2
74,Ahmedabad,2,30,Coal,3
75,Vizag,1,30,NaturalGas,1
76,Chennai,3,100,CarbonFiber,3
77,Hyderabad,2,60,SiliconNitrideBalls,4
78,Kolkata,1,45,Titanium,5
79,Mumbai,3,40,Derailleurs,3
80,Ahmedabad,2,30,Brakes,4
81,Vizag,1,30,Chains,2
82,Chennai,3,100,Wheels,5
83,Hyderabad,2,60,Lights,6
84,Kolkata,1,45,Rubber,4
85,Mumbai,3,40,Water,3
86,Ahmedabad,2,30,Aluminum,2
87,Vizag,1,30,HeatSink,3
88,Chennai,3,100,Coal,1
89,Hyderabad,2,60,Steel,3
90,Kolkata,1,45,Oil,4
