plants,plants allocation decision,selected plants decision,plants Capacity,plants Profit,plants Product,plants Plants,plants Cost,plants minValueAllocationForAssignment
1,0.0,1.0,40,3,AirFreshner,Mumbai,3,0
2,30.0,1.0,30,4,Boilers,Ahmedabad,2,0
3,0.0,1.0,30,2,Batteries,Vizag,1,0
4,78.0,1.0,100,5,IndustrialGenerators,Chennai,3,0
5,29.0,1.0,60,6,Screws,Hyderabad,2,0
6,45.0,1.0,45,4,Chargers,Mumbai,1,0
7,4.0,1.0,40,3,Hinges,Mumbai,3,0
8,0.0,1.0,30,2,DrawerGlides,Ahmedabad,2,0
9,0.0,1.0,30,3,FinishingChemicals,Vizag,1,0
10,4.0,1.0,100,1,Paint,Chennai,3,0
11,60.0,1.0,60,3,Steel,Hyderabad,2,0
12,0.0,1.0,45,4,Oil,Delhi,1,0
13,40.0,1.0,40,5,Gasoline,Mumbai,3,0
14,0.0,1.0,30,3,Lumber,Ahmedabad,2,0
15,9.0,1.0,30,4,Plastic,Vizag,1,0
16,100.0,1.0,100,2,Coal,Chennai,3,0
17,57.0,1.0,60,5,NaturalGas,Hyderabad,2,0
18,44.0,1.0,45,6,CarbonFiber,Delhi,1,0
19,0.0,1.0,40,4,SiliconNitrideBalls,Mumbai,3,0
20,0.0,1.0,30,3,Titanium,Ahmedabad,2,0
21,30.0,1.0,30,2,Derailleurs,Vizag,1,0
22,28.0,1.0,100,3,Brakes,Chennai,3,0
23,0.0,1.0,60,1,Chains,Hyderabad,2,0
24,0.0,1.0,45,3,Wheels,Delhi,1,0
25,0.0,1.0,40,4,Lights,Mumbai,3,0
26,9.0,1.0,30,5,Rubber,Ahmedabad,2,0
27,30.0,1.0,30,3,Water,Vizag,1,0
28,11.0,1.0,100,4,Aluminum,Chennai,3,0
29,0.0,1.0,60,2,HeatSink,Hyderabad,2,0
30,45.0,1.0,45,5,AirFreshner,Delhi,1,0
31,40.0,1.0,40,6,Boilers,Mumbai,3,0
32,16.0,1.0,30,4,Batteries,Ahmedabad,2,0
33,0.0,1.0,30,3,IndustrialGenerators,Vizag,1,0
34,0.0,1.0,100,2,Screws,Chennai,3,0
35,0.0,1.0,60,3,Chargers,Hyderabad,2,0
36,0.0,1.0,45,1,Hinges,Bangalore,1,0
37,11.0,1.0,40,3,DrawerGlides,Mumbai,3,0
38,30.0,1.0,30,4,FinishingChemicals,Ahmedabad,2,0
39,30.0,1.0,30,5,Paint,Vizag,1,0
40,73.0,1.0,100,3,Steel,Chennai,3,0
41,0.0,1.0,60,4,Oil,Hyderabad,2,0
42,0.0,1.0,45,2,Gasoline,Bangalore,1,0
43,34.0,1.0,40,5,Lumber,Mumbai,3,0
44,30.0,1.0,30,6,Plastic,Ahmedabad,2,0
45,30.0,1.0,30,4,Coal,Vizag,1,0
46,0.0,1.0,100,3,NaturalGas,Chennai,3,0
47,0.0,1.0,60,2,CarbonFiber,Hyderabad,2,0
48,0.0,1.0,45,3,SiliconNitrideBalls,Bangalore,1,0
49,0.0,1.0,40,1,Titanium,Mumbai,3,0
50,30.0,1.0,30,3,Derailleurs,Ahmedabad,2,0
51,30.0,1.0,30,4,Brakes,Vizag,1,0
52,100.0,1.0,100,5,Chains,Chennai,3,0
53,0.0,1.0,60,3,Wheels,Hyderabad,2,0
54,16.0,1.0,45,4,Lights,Bangalore,1,0
55,0.0,1.0,40,2,Rubber,Mumbai,3,0
56,30.0,1.0,30,5,Water,Ahmedabad,2,0
57,30.0,1.0,30,6,Aluminum,Vizag,1,0
58,4.0,1.0,100,4,HeatSink,Chennai,3,0
59,36.0,1.0,60,3,AirFreshner,Hyderabad,2,0
60,5.0,1.0,45,2,Boilers,Bangalore,1,0
61,0.0,1.0,40,3,Batteries,Mumbai,3,0
62,0.0,1.0,30,1,IndustrialGenerators,Ahmedabad,2,0
63,0.0,1.0,30,3,Screws,Vizag,1,0
64,5.0,1.0,100,4,Chargers,Chennai,3,0
65,60.0,1.0,60,5,Hinges,Hyderabad,2,0
66,45.0,1.0,45,3,DrawerGlides,Kolkata,1,0
67,11.0,1.0,40,4,FinishingChemicals,Mumbai,3,0
68,30.0,1.0,30,2,Paint,Ahmedabad,2,0
69,30.0,1.0,30,5,Steel,Vizag,1,0
70,93.0,1.0,100,6,Oil,Chennai,3,0
71,5.0,1.0,60,4,Gasoline,Hyderabad,2,0
72,0.0,1.0,45,3,Lumber,Kolkata,1,0
73,0.0,1.0,40,2,Plastic,Mumbai,3,0
74,30.0,1.0,30,3,Coal,Ahmedabad,2,0
75,0.0,1.0,30,1,NaturalGas,Vizag,1,0
76,0.0,1.0,100,3,CarbonFiber,Chennai,3,0
77,49.0,1.0,60,4,SiliconNitrideBalls,Hyderabad,2,0
78,14.0,1.0,45,5,Titanium,Kolkata,1,0
79,40.0,1.0,40,3,Derailleurs,Mumbai,3,0
80,30.0,1.0,30,4,Brakes,Ahmedabad,2,0
81,21.0,1.0,30,2,Chains,Vizag,1,0
82,35.0,1.0,100,5,Wheels,Chennai,3,0
83,60.0,1.0,60,6,Lights,Hyderabad,2,0
84,0.0,1.0,45,4,Rubber,Kolkata,1,0
85,12.0,1.0,40,3,Water,Mumbai,3,0
86,0.0,1.0,30,2,Aluminum,Ahmedabad,2,0
87,0.0,1.0,30,3,HeatSink,Vizag,1,0
88,31.0,1.0,100,1,Coal,Chennai,3,0
89,60.0,1.0,60,3,Steel,Hyderabad,2,0
90,0.0,1.0,45,4,Oil,Kolkata,1,0
