{"CPLEXSolution": {"version": "1.0", "header": {"problemName": "docplex_model1", "objectiveValue": "-1403296.0", "solved_by": "cplex_local"}, "variables": [{"index": "1", "name": null, "value": "30.0"}, {"index": "3", "name": null, "value": "78.0"}, {"index": "4", "name": null, "value": "29.0"}, {"index": "5", "name": null, "value": "45.0"}, {"index": "6", "name": null, "value": "4.0"}, {"index": "9", "name": null, "value": "4.0"}, {"index": "10", "name": null, "value": "60.0"}, {"index": "12", "name": null, "value": "40.0"}, {"index": "14", "name": null, "value": "9.0"}, {"index": "15", "name": null, "value": "100.0"}, {"index": "16", "name": null, "value": "57.0"}, {"index": "17", "name": null, "value": "44.0"}, {"index": "20", "name": null, "value": "30.0"}, {"index": "21", "name": null, "value": "28.0"}, {"index": "25", "name": null, "value": "9.0"}, {"index": "26", "name": null, "value": "30.0"}, {"index": "27", "name": null, "value": "11.0"}, {"index": "29", "name": null, "value": "45.0"}, {"index": "30", "name": null, "value": "40.0"}, {"index": "31", "name": null, "value": "16.0"}, {"index": "36", "name": null, "value": "11.0"}, {"index": "37", "name": null, "value": "30.0"}, {"index": "38", "name": null, "value": "30.0"}, {"index": "39", "name": null, "value": "73.0"}, {"index": "42", "name": null, "value": "34.0"}, {"index": "43", "name": null, "value": "30.0"}, {"index": "44", "name": null, "value": "30.0"}, {"index": "49", "name": null, "value": "30.0"}, {"index": "50", "name": null, "value": "30.0"}, {"index": "51", "name": null, "value": "100.0"}, {"index": "53", "name": null, "value": "16.0"}, {"index": "55", "name": null, "value": "30.0"}, {"index": "56", "name": null, "value": "30.0"}, {"index": "57", "name": null, "value": "4.0"}, {"index": "58", "name": null, "value": "36.0"}, {"index": "59", "name": null, "value": "5.0"}, {"index": "63", "name": null, "value": "5.0"}, {"index": "64", "name": null, "value": "60.0"}, {"index": "65", "name": null, "value": "45.0"}, {"index": "66", "name": null, "value": "11.0"}, {"index": "67", "name": null, "value": "30.0"}, {"index": "68", "name": null, "value": "30.0"}, {"index": "69", "name": null, "value": "93.0"}, {"index": "70", "name": null, "value": "5.0"}, {"index": "73", "name": null, "value": "30.0"}, {"index": "76", "name": null, "value": "49.0"}, {"index": "77", "name": null, "value": "14.0"}, {"index": "78", "name": null, "value": "40.0"}, {"index": "79", "name": null, "value": "30.0"}, {"index": "80", "name": null, "value": "21.0"}, {"index": "81", "name": null, "value": "35.0"}, {"index": "82", "name": null, "value": "60.0"}, {"index": "84", "name": null, "value": "12.0"}, {"index": "87", "name": null, "value": "31.0"}, {"index": "88", "name": null, "value": "60.0"}, {"index": "90", "name": null, "value": "1.0"}, {"index": "91", "name": null, "value": "1.0"}, {"index": "92", "name": null, "value": "1.0"}, {"index": "93", "name": null, "value": "1.0"}, {"index": "94", "name": null, "value": "1.0"}, {"index": "95", "name": null, "value": "1.0"}, {"index": "96", "name": null, "value": "1.0"}, {"index": "97", "name": null, "value": "1.0"}, {"index": "98", "name": null, "value": "1.0"}, {"index": "99", "name": null, "value": "1.0"}, {"index": "100", "name": null, "value": "1.0"}, {"index": "101", "name": null, "value": "1.0"}, {"index": "102", "name": null, "value": "1.0"}, {"index": "103", "name": null, "value": "1.0"}, {"index": "104", "name": null, "value": "1.0"}, {"index": "105", "name": null, "value": "1.0"}, {"index": "106", "name": null, "value": "1.0"}, {"index": "107", "name": null, "value": "1.0"}, {"index": "108", "name": null, "value": "1.0"}, {"index": "109", "name": null, "value": "1.0"}, {"index": "110", "name": null, "value": "1.0"}, {"index": "111", "name": null, "value": "1.0"}, {"index": "112", "name": null, "value": "1.0"}, {"index": "113", "name": null, "value": "1.0"}, {"index": "114", "name": null, "value": "1.0"}, {"index": "115", "name": null, "value": "1.0"}, {"index": "116", "name": null, "value": "1.0"}, {"index": "117", "name": null, "value": "1.0"}, {"index": "118", "name": null, "value": "1.0"}, {"index": "119", "name": null, "value": "1.0"}, {"index": "120", "name": null, "value": "1.0"}, {"index": "121", "name": null, "value": "1.0"}, {"index": "122", "name": null, "value": "1.0"}, {"index": "123", "name": null, "value": "1.0"}, {"index": "124", "name": null, "value": "1.0"}, {"index": "125", "name": null, "value": "1.0"}, {"index": "126", "name": null, "value": "1.0"}, {"index": "127", "name": null, "value": "1.0"}, {"index": "128", "name": null, "value": "1.0"}, {"index": "129", "name": null, "value": "1.0"}, {"index": "130", "name": null, "value": "1.0"}, {"index": "131", "name": null, "value": "1.0"}, {"index": "132", "name": null, "value": "1.0"}, {"index": "133", "name": null, "value": "1.0"}, {"index": "134", "name": null, "value": "1.0"}, {"index": "135", "name": null, "value": "1.0"}, {"index": "136", "name": null, "value": "1.0"}, {"index": "137", "name": null, "value": "1.0"}, {"index": "138", "name": null, "value": "1.0"}, {"index": "139", "name": null, "value": "1.0"}, {"index": "140", "name": null, "value": "1.0"}, {"index": "141", "name": null, "value": "1.0"}, {"index": "142", "name": null, "value": "1.0"}, {"index": "143", "name": null, "value": "1.0"}, {"index": "144", "name": null, "value": "1.0"}, {"index": "145", "name": null, "value": "1.0"}, {"index": "146", "name": null, "value": "1.0"}, {"index": "147", "name": null, "value": "1.0"}, {"index": "148", "name": null, "value": "1.0"}, {"index": "149", "name": null, "value": "1.0"}, {"index": "150", "name": null, "value": "1.0"}, {"index": "151", "name": null, "value": "1.0"}, {"index": "152", "name": null, "value": "1.0"}, {"index": "153", "name": null, "value": "1.0"}, {"index": "154", "name": null, "value": "1.0"}, {"index": "155", "name": null, "value": "1.0"}, {"index": "156", "name": null, "value": "1.0"}, {"index": "157", "name": null, "value": "1.0"}, {"index": "158", "name": null, "value": "1.0"}, {"index": "159", "name": null, "value": "1.0"}, {"index": "160", "name": null, "value": "1.0"}, {"index": "161", "name": null, "value": "1.0"}, {"index": "162", "name": null, "value": "1.0"}, {"index": "163", "name": null, "value": "1.0"}, {"index": "164", "name": null, "value": "1.0"}, {"index": "165", "name": null, "value": "1.0"}, {"index": "166", "name": null, "value": "1.0"}, {"index": "167", "name": null, "value": "1.0"}, {"index": "168", "name": null, "value": "1.0"}, {"index": "169", "name": null, "value": "1.0"}, {"index": "170", "name": null, "value": "1.0"}, {"index": "171", "name": null, "value": "1.0"}, {"index": "172", "name": null, "value": "1.0"}, {"index": "173", "name": null, "value": "1.0"}, {"index": "174", "name": null, "value": "1.0"}, {"index": "175", "name": null, "value": "1.0"}, {"index": "176", "name": null, "value": "1.0"}, {"index": "177", "name": null, "value": "1.0"}, {"index": "178", "name": null, "value": "1.0"}, {"index": "179", "name": null, "value": "1.0"}], "linearConstraints": [{"name": "_L_EXPR_1", "index": 0, "slack": 40.0}, {"name": "_L_EXPR_2", "index": 1}, {"name": "_L_EXPR_3", "index": 2, "slack": 30.0}, {"name": "_L_EXPR_4", "index": 3, "slack": 22.0}, {"name": "_L_EXPR_5", "index": 4, "slack": 31.0}, {"name": "_L_EXPR_6", "index": 5}, {"name": "_L_EXPR_7", "index": 6, "slack": 36.0}, {"name": "_L_EXPR_8", "index": 7, "slack": 30.0}, {"name": "_L_EXPR_9", "index": 8, "slack": 30.0}, {"name": "_L_EXPR_10", "index": 9, "slack": 96.0}, {"name": "_L_EXPR_11", "index": 10}, {"name": "_L_EXPR_12", "index": 11, "slack": 45.0}, {"name": "_L_EXPR_13", "index": 12}, {"name": "_L_EXPR_14", "index": 13, "slack": 30.0}, {"name": "_L_EXPR_15", "index": 14, "slack": 21.0}, {"name": "_L_EXPR_16", "index": 15}, {"name": "_L_EXPR_17", "index": 16, "slack": 3.0}, {"name": "_L_EXPR_18", "index": 17, "slack": 1.0}, {"name": "_L_EXPR_19", "index": 18, "slack": 40.0}, {"name": "_L_EXPR_20", "index": 19, "slack": 30.0}, {"name": "_L_EXPR_21", "index": 20}, {"name": "_L_EXPR_22", "index": 21, "slack": 72.0}, {"name": "_L_EXPR_23", "index": 22, "slack": 60.0}, {"name": "_L_EXPR_24", "index": 23, "slack": 45.0}, {"name": "_L_EXPR_25", "index": 24, "slack": 40.0}, {"name": "_L_EXPR_26", "index": 25, "slack": 21.0}, {"name": "_L_EXPR_27", "index": 26}, {"name": "_L_EXPR_28", "index": 27, "slack": 89.0}, {"name": "_L_EXPR_29", "index": 28, "slack": 60.0}, {"name": "_L_EXPR_30", "index": 29}, {"name": "_L_EXPR_31", "index": 30}, {"name": "_L_EXPR_32", "index": 31, "slack": 14.0}, {"name": "_L_EXPR_33", "index": 32, "slack": 30.0}, {"name": "_L_EXPR_34", "index": 33, "slack": 100.0}, {"name": "_L_EXPR_35", "index": 34, "slack": 60.0}, {"name": "_L_EXPR_36", "index": 35, "slack": 45.0}, {"name": "_L_EXPR_37", "index": 36, "slack": 29.0}, {"name": "_L_EXPR_38", "index": 37}, {"name": "_L_EXPR_39", "index": 38}, {"name": "_L_EXPR_40", "index": 39, "slack": 27.0}, {"name": "_L_EXPR_41", "index": 40, "slack": 60.0}, {"name": "_L_EXPR_42", "index": 41, "slack": 45.0}, {"name": "_L_EXPR_43", "index": 42, "slack": 6.0}, {"name": "_L_EXPR_44", "index": 43}, {"name": "_L_EXPR_45", "index": 44}, {"name": "_L_EXPR_46", "index": 45, "slack": 100.0}, {"name": "_L_EXPR_47", "index": 46, "slack": 60.0}, {"name": "_L_EXPR_48", "index": 47, "slack": 45.0}, {"name": "_L_EXPR_49", "index": 48, "slack": 40.0}, {"name": "_L_EXPR_50", "index": 49}, {"name": "_L_EXPR_51", "index": 50}, {"name": "_L_EXPR_52", "index": 51}, {"name": "_L_EXPR_53", "index": 52, "slack": 60.0}, {"name": "_L_EXPR_54", "index": 53, "slack": 29.0}, {"name": "_L_EXPR_55", "index": 54, "slack": 40.0}, {"name": "_L_EXPR_56", "index": 55}, {"name": "_L_EXPR_57", "index": 56}, {"name": "_L_EXPR_58", "index": 57, "slack": 96.0}, {"name": "_L_EXPR_59", "index": 58, "slack": 24.0}, {"name": "_L_EXPR_60", "index": 59, "slack": 40.0}, {"name": "_L_EXPR_61", "index": 60, "slack": 40.0}, {"name": "_L_EXPR_62", "index": 61, "slack": 30.0}, {"name": "_L_EXPR_63", "index": 62, "slack": 30.0}, {"name": "_L_EXPR_64", "index": 63, "slack": 95.0}, {"name": "_L_EXPR_65", "index": 64}, {"name": "_L_EXPR_66", "index": 65}, {"name": "_L_EXPR_67", "index": 66, "slack": 29.0}, {"name": "_L_EXPR_68", "index": 67}, {"name": "_L_EXPR_69", "index": 68}, {"name": "_L_EXPR_70", "index": 69, "slack": 7.0}, {"name": "_L_EXPR_71", "index": 70, "slack": 55.0}, {"name": "_L_EXPR_72", "index": 71, "slack": 45.0}, {"name": "_L_EXPR_73", "index": 72, "slack": 40.0}, {"name": "_L_EXPR_74", "index": 73}, {"name": "_L_EXPR_75", "index": 74, "slack": 30.0}, {"name": "_L_EXPR_76", "index": 75, "slack": 100.0}, {"name": "_L_EXPR_77", "index": 76, "slack": 11.0}, {"name": "_L_EXPR_78", "index": 77, "slack": 31.0}, {"name": "_L_EXPR_79", "index": 78}, {"name": "_L_EXPR_80", "index": 79}, {"name": "_L_EXPR_81", "index": 80, "slack": 9.0}, {"name": "_L_EXPR_82", "index": 81, "slack": 65.0}, {"name": "_L_EXPR_83", "index": 82}, {"name": "_L_EXPR_84", "index": 83, "slack": 45.0}, {"name": "_L_EXPR_85", "index": 84, "slack": 28.0}, {"name": "_L_EXPR_86", "index": 85, "slack": 30.0}, {"name": "_L_EXPR_87", "index": 86, "slack": 30.0}, {"name": "_L_EXPR_88", "index": 87, "slack": 69.0}, {"name": "_L_EXPR_89", "index": 88}, {"name": "_L_EXPR_90", "index": 89, "slack": 45.0}, {"name": "_L_EXPR_91", "index": 90}, {"name": "_L_EXPR_92", "index": 91, "slack": -30.0}, {"name": "_L_EXPR_93", "index": 92}, {"name": "_L_EXPR_94", "index": 93, "slack": -78.0}, {"name": "_L_EXPR_95", "index": 94, "slack": -29.0}, {"name": "_L_EXPR_96", "index": 95, "slack": -45.0}, {"name": "_L_EXPR_97", "index": 96, "slack": -4.0}, {"name": "_L_EXPR_98", "index": 97}, {"name": "_L_EXPR_99", "index": 98}, {"name": "_L_EXPR_100", "index": 99, "slack": -4.0}, {"name": "_L_EXPR_101", "index": 100, "slack": -60.0}, {"name": "_L_EXPR_102", "index": 101}, {"name": "_L_EXPR_103", "index": 102, "slack": -40.0}, {"name": "_L_EXPR_104", "index": 103}, {"name": "_L_EXPR_105", "index": 104, "slack": -9.0}, {"name": "_L_EXPR_106", "index": 105, "slack": -100.0}, {"name": "_L_EXPR_107", "index": 106, "slack": -57.0}, {"name": "_L_EXPR_108", "index": 107, "slack": -44.0}, {"name": "_L_EXPR_109", "index": 108}, {"name": "_L_EXPR_110", "index": 109}, {"name": "_L_EXPR_111", "index": 110, "slack": -30.0}, {"name": "_L_EXPR_112", "index": 111, "slack": -28.0}, {"name": "_L_EXPR_113", "index": 112}, {"name": "_L_EXPR_114", "index": 113}, {"name": "_L_EXPR_115", "index": 114}, {"name": "_L_EXPR_116", "index": 115, "slack": -9.0}, {"name": "_L_EXPR_117", "index": 116, "slack": -30.0}, {"name": "_L_EXPR_118", "index": 117, "slack": -11.0}, {"name": "_L_EXPR_119", "index": 118}, {"name": "_L_EXPR_120", "index": 119, "slack": -45.0}, {"name": "_L_EXPR_121", "index": 120, "slack": -40.0}, {"name": "_L_EXPR_122", "index": 121, "slack": -16.0}, {"name": "_L_EXPR_123", "index": 122}, {"name": "_L_EXPR_124", "index": 123}, {"name": "_L_EXPR_125", "index": 124}, {"name": "_L_EXPR_126", "index": 125}, {"name": "_L_EXPR_127", "index": 126, "slack": -11.0}, {"name": "_L_EXPR_128", "index": 127, "slack": -30.0}, {"name": "_L_EXPR_129", "index": 128, "slack": -30.0}, {"name": "_L_EXPR_130", "index": 129, "slack": -73.0}, {"name": "_L_EXPR_131", "index": 130}, {"name": "_L_EXPR_132", "index": 131}, {"name": "_L_EXPR_133", "index": 132, "slack": -34.0}, {"name": "_L_EXPR_134", "index": 133, "slack": -30.0}, {"name": "_L_EXPR_135", "index": 134, "slack": -30.0}, {"name": "_L_EXPR_136", "index": 135}, {"name": "_L_EXPR_137", "index": 136}, {"name": "_L_EXPR_138", "index": 137}, {"name": "_L_EXPR_139", "index": 138}, {"name": "_L_EXPR_140", "index": 139, "slack": -30.0}, {"name": "_L_EXPR_141", "index": 140, "slack": -30.0}, {"name": "_L_EXPR_142", "index": 141, "slack": -100.0}, {"name": "_L_EXPR_143", "index": 142}, {"name": "_L_EXPR_144", "index": 143, "slack": -16.0}, {"name": "_L_EXPR_145", "index": 144}, {"name": "_L_EXPR_146", "index": 145, "slack": -30.0}, {"name": "_L_EXPR_147", "index": 146, "slack": -30.0}, {"name": "_L_EXPR_148", "index": 147, "slack": -4.0}, {"name": "_L_EXPR_149", "index": 148, "slack": -36.0}, {"name": "_L_EXPR_150", "index": 149, "slack": -5.0}, {"name": "_L_EXPR_151", "index": 150}, {"name": "_L_EXPR_152", "index": 151}, {"name": "_L_EXPR_153", "index": 152}, {"name": "_L_EXPR_154", "index": 153, "slack": -5.0}, {"name": "_L_EXPR_155", "index": 154, "slack": -60.0}, {"name": "_L_EXPR_156", "index": 155, "slack": -45.0}, {"name": "_L_EXPR_157", "index": 156, "slack": -11.0}, {"name": "_L_EXPR_158", "index": 157, "slack": -30.0}, {"name": "_L_EXPR_159", "index": 158, "slack": -30.0}, {"name": "_L_EXPR_160", "index": 159, "slack": -93.0}, {"name": "_L_EXPR_161", "index": 160, "slack": -5.0}, {"name": "_L_EXPR_162", "index": 161}, {"name": "_L_EXPR_163", "index": 162}, {"name": "_L_EXPR_164", "index": 163, "slack": -30.0}, {"name": "_L_EXPR_165", "index": 164}, {"name": "_L_EXPR_166", "index": 165}, {"name": "_L_EXPR_167", "index": 166, "slack": -49.0}, {"name": "_L_EXPR_168", "index": 167, "slack": -14.0}, {"name": "_L_EXPR_169", "index": 168, "slack": -40.0}, {"name": "_L_EXPR_170", "index": 169, "slack": -30.0}, {"name": "_L_EXPR_171", "index": 170, "slack": -21.0}, {"name": "_L_EXPR_172", "index": 171, "slack": -35.0}, {"name": "_L_EXPR_173", "index": 172, "slack": -60.0}, {"name": "_L_EXPR_174", "index": 173}, {"name": "_L_EXPR_175", "index": 174, "slack": -12.0}, {"name": "_L_EXPR_176", "index": 175}, {"name": "_L_EXPR_177", "index": 176}, {"name": "_L_EXPR_178", "index": 177, "slack": -31.0}, {"name": "_L_EXPR_179", "index": 178, "slack": -60.0}, {"name": "_L_EXPR_180", "index": 179}, {"name": "_L_EXPR_181", "index": 180, "slack": 40.0}, {"name": "_L_EXPR_182", "index": 181}, {"name": "_L_EXPR_183", "index": 182, "slack": 30.0}, {"name": "_L_EXPR_184", "index": 183, "slack": 22.0}, {"name": "_L_EXPR_185", "index": 184, "slack": 31.0}, {"name": "_L_EXPR_186", "index": 185}, {"name": "_L_EXPR_187", "index": 186, "slack": 36.0}, {"name": "_L_EXPR_188", "index": 187, "slack": 30.0}, {"name": "_L_EXPR_189", "index": 188, "slack": 30.0}, {"name": "_L_EXPR_190", "index": 189, "slack": 96.0}, {"name": "_L_EXPR_191", "index": 190}, {"name": "_L_EXPR_192", "index": 191, "slack": 45.0}, {"name": "_L_EXPR_193", "index": 192}, {"name": "_L_EXPR_194", "index": 193, "slack": 30.0}, {"name": "_L_EXPR_195", "index": 194, "slack": 21.0}, {"name": "_L_EXPR_196", "index": 195}, {"name": "_L_EXPR_197", "index": 196, "slack": 3.0}, {"name": "_L_EXPR_198", "index": 197, "slack": 1.0}, {"name": "_L_EXPR_199", "index": 198, "slack": 40.0}, {"name": "_L_EXPR_200", "index": 199, "slack": 30.0}, {"name": "_L_EXPR_201", "index": 200}, {"name": "_L_EXPR_202", "index": 201, "slack": 72.0}, {"name": "_L_EXPR_203", "index": 202, "slack": 60.0}, {"name": "_L_EXPR_204", "index": 203, "slack": 45.0}, {"name": "_L_EXPR_205", "index": 204, "slack": 40.0}, {"name": "_L_EXPR_206", "index": 205, "slack": 21.0}, {"name": "_L_EXPR_207", "index": 206}, {"name": "_L_EXPR_208", "index": 207, "slack": 89.0}, {"name": "_L_EXPR_209", "index": 208, "slack": 60.0}, {"name": "_L_EXPR_210", "index": 209}, {"name": "_L_EXPR_211", "index": 210}, {"name": "_L_EXPR_212", "index": 211, "slack": 14.0}, {"name": "_L_EXPR_213", "index": 212, "slack": 30.0}, {"name": "_L_EXPR_214", "index": 213, "slack": 100.0}, {"name": "_L_EXPR_215", "index": 214, "slack": 60.0}, {"name": "_L_EXPR_216", "index": 215, "slack": 45.0}, {"name": "_L_EXPR_217", "index": 216, "slack": 29.0}, {"name": "_L_EXPR_218", "index": 217}, {"name": "_L_EXPR_219", "index": 218}, {"name": "_L_EXPR_220", "index": 219, "slack": 27.0}, {"name": "_L_EXPR_221", "index": 220, "slack": 60.0}, {"name": "_L_EXPR_222", "index": 221, "slack": 45.0}, {"name": "_L_EXPR_223", "index": 222, "slack": 6.0}, {"name": "_L_EXPR_224", "index": 223}, {"name": "_L_EXPR_225", "index": 224}, {"name": "_L_EXPR_226", "index": 225, "slack": 100.0}, {"name": "_L_EXPR_227", "index": 226, "slack": 60.0}, {"name": "_L_EXPR_228", "index": 227, "slack": 45.0}, {"name": "_L_EXPR_229", "index": 228, "slack": 40.0}, {"name": "_L_EXPR_230", "index": 229}, {"name": "_L_EXPR_231", "index": 230}, {"name": "_L_EXPR_232", "index": 231}, {"name": "_L_EXPR_233", "index": 232, "slack": 60.0}, {"name": "_L_EXPR_234", "index": 233, "slack": 29.0}, {"name": "_L_EXPR_235", "index": 234, "slack": 40.0}, {"name": "_L_EXPR_236", "index": 235}, {"name": "_L_EXPR_237", "index": 236}, {"name": "_L_EXPR_238", "index": 237, "slack": 96.0}, {"name": "_L_EXPR_239", "index": 238, "slack": 24.0}, {"name": "_L_EXPR_240", "index": 239, "slack": 40.0}, {"name": "_L_EXPR_241", "index": 240, "slack": 40.0}, {"name": "_L_EXPR_242", "index": 241, "slack": 30.0}, {"name": "_L_EXPR_243", "index": 242, "slack": 30.0}, {"name": "_L_EXPR_244", "index": 243, "slack": 95.0}, {"name": "_L_EXPR_245", "index": 244}, {"name": "_L_EXPR_246", "index": 245}, {"name": "_L_EXPR_247", "index": 246, "slack": 29.0}, {"name": "_L_EXPR_248", "index": 247}, {"name": "_L_EXPR_249", "index": 248}, {"name": "_L_EXPR_250", "index": 249, "slack": 7.0}, {"name": "_L_EXPR_251", "index": 250, "slack": 55.0}, {"name": "_L_EXPR_252", "index": 251, "slack": 45.0}, {"name": "_L_EXPR_253", "index": 252, "slack": 40.0}, {"name": "_L_EXPR_254", "index": 253}, {"name": "_L_EXPR_255", "index": 254, "slack": 30.0}, {"name": "_L_EXPR_256", "index": 255, "slack": 100.0}, {"name": "_L_EXPR_257", "index": 256, "slack": 11.0}, {"name": "_L_EXPR_258", "index": 257, "slack": 31.0}, {"name": "_L_EXPR_259", "index": 258}, {"name": "_L_EXPR_260", "index": 259}, {"name": "_L_EXPR_261", "index": 260, "slack": 9.0}, {"name": "_L_EXPR_262", "index": 261, "slack": 65.0}, {"name": "_L_EXPR_263", "index": 262}, {"name": "_L_EXPR_264", "index": 263, "slack": 45.0}, {"name": "_L_EXPR_265", "index": 264, "slack": 28.0}, {"name": "_L_EXPR_266", "index": 265, "slack": 30.0}, {"name": "_L_EXPR_267", "index": 266, "slack": 30.0}, {"name": "_L_EXPR_268", "index": 267, "slack": 69.0}, {"name": "_L_EXPR_269", "index": 268}, {"name": "_L_EXPR_270", "index": 269, "slack": 45.0}, {"name": "_L_EXPR_271", "index": 270}, {"name": "_L_EXPR_272", "index": 271}, {"name": "_L_EXPR_273", "index": 272}, {"name": "_L_EXPR_274", "index": 273}, {"name": "_L_EXPR_275", "index": 274}, {"name": "_L_EXPR_276", "index": 275}, {"name": "_L_EXPR_277", "index": 276}, {"name": "_L_EXPR_278", "index": 277}, {"name": "_L_EXPR_279", "index": 278}, {"name": "_L_EXPR_280", "index": 279, "slack": 55.0}, {"name": "_L_EXPR_281", "index": 280}, {"name": "_L_EXPR_282", "index": 281}, {"name": "_L_EXPR_283", "index": 282}, {"name": "_L_EXPR_284", "index": 283}, {"name": "_L_EXPR_285", "index": 284}, {"name": "_L_EXPR_286", "index": 285}, {"name": "_L_EXPR_287", "index": 286}, {"name": "_L_EXPR_288", "index": 287}, {"name": "_L_EXPR_289", "index": 288}, {"name": "_L_EXPR_290", "index": 289}, {"name": "_L_EXPR_291", "index": 290}, {"name": "_L_EXPR_292", "index": 291}, {"name": "_L_EXPR_293", "index": 292}, {"name": "_L_EXPR_294", "index": 293}, {"name": "_L_EXPR_295", "index": 294}, {"name": "_L_EXPR_296", "index": 295}, {"name": "_L_EXPR_297", "index": 296}, {"name": "_L_EXPR_298", "index": 297}, {"name": "_L_EXPR_299", "index": 298}]}}