{"creationTime":1656002437581,"lastModificationTime":1656002468576,"state":"TERMINATED","solveConfig":{"containerId":"Raw Material Procurement Scenario","solveParameters":{},"setupWebHook":{"verb":"GET","url":"https://api.dataplatform.cloud.ibm.com/v1/cognitive/solve/preprocess/intermediateScenario?projectId=a67449f0-199b-41b5-9608-0414c35cd22f&parentId=horea-do-demo","expectedStatus":200,"headers":{}},"tearDownWebHook":{"verb":"GET","url":"https://api.dataplatform.cloud.ibm.com/v1/cognitive/solve/postprocess/intermediateScenario?projectId=a67449f0-199b-41b5-9608-0414c35cd22f&parentId=horea-do-demo","expectedStatus":200,"headers":{}}},"jobDetails":{"id":"4d3fafa5-04e7-4677-8e97-c656231ecadb","createdAt":1656002440790,"startedAt":1656002459640,"endedAt":1656002464142,"submittedAt":1656002440790,"details":{"KPI.total Cost of plants over all allocations":"4078.0","KPI.total Profit of plants over all allocations":"7834.0","KPI.total plants allocations":"1889.0","MODEL_DETAIL_BOOLEAN_VARS":"90","MODEL_DETAIL_CONSTRAINTS":"299","MODEL_DETAIL_CONTINUOUS_VARS":"0","MODEL_DETAIL_INTEGER_VARS":"90","MODEL_DETAIL_KPIS":"[\"total plants allocations\", \"total Cost of plants over all allocations\", \"total Profit of plants over all allocations\"]","MODEL_DETAIL_NONZEROS":"450","MODEL_DETAIL_OBJECTIVE_SENSE":"minimize","MODEL_DETAIL_TYPE":"MILP","PROGRESS_BEST_OBJECTIVE":"-1403296.0","PROGRESS_BEST_OBJECTIVE.history":"[[1656002463.1, -1403296.0]]","PROGRESS_CURRENT_OBJECTIVE":"-1403296.0","PROGRESS_CURRENT_OBJECTIVE.history":"[[1656002463.1, -1403296.0]]","PROGRESS_GAP":"0.0","PROGRESS_GAP.history":"[[1656002463.1, 0.0]]","STAT.cplex.modelType":"MILP","STAT.cplex.size.booleanVariables":"90","STAT.cplex.size.constraints":"299","STAT.cplex.size.continousVariables":"0","STAT.cplex.size.integerVariables":"90","STAT.cplex.size.linearConstraints":"299","STAT.cplex.size.quadraticConstraints":"0","STAT.cplex.size.variables":"180","STAT.job.coresCount":"1","STAT.job.inputsReadMs":"2300","STAT.job.memoryPeakKB":"113300","STAT.job.modelProcessingMs":"857","STAT.job.outputsWriteMs":"765"},"executionStatus":"PROCESSED","solveStatus":"OPTIMAL_SOLUTION","logTail":["[2022-06-23T16:41:01Z, WARNING] Python 3.9 is used as default with pandas 1.3 libraries.","[2022-06-23T16:41:02Z, INFO] {}","[2022-06-23T16:41:02Z, INFO] * building wado model","[2022-06-23T16:41:03Z, INFO] model building done in 0.4295315742492676 secs","[2022-06-23T16:41:03Z, INFO] * running wado model","[2022-06-23T16:41:03Z, INFO] WARNING: Number of workers has been reduced to 1 to comply with platform limitations.","[2022-06-23T16:41:03Z, INFO] Version identifier: 20.1.0.1 | 2021-12-07 | 9dfdf6686","[2022-06-23T16:41:03Z, INFO] CPXPARAM_Read_DataCheck                          1","[2022-06-23T16:41:03Z, INFO] CPXPARAM_Threads                                 1","[2022-06-23T16:41:03Z, INFO] CPXPARAM_TimeLimit                               120","[2022-06-23T16:41:03Z, INFO] Legacy callback                                  i","[2022-06-23T16:41:03Z, INFO] Found incumbent of value 0.000000 after 0.00 sec. (0.01 ticks)","[2022-06-23T16:41:03Z, INFO] Tried aggregator 2 times.","[2022-06-23T16:41:03Z, INFO] MIP Presolve eliminated 297 rows and 178 columns.","[2022-06-23T16:41:03Z, INFO] Aggregator did 2 substitutions.","[2022-06-23T16:41:03Z, INFO] All rows and columns eliminated.","[2022-06-23T16:41:03Z, INFO] Presolve time = 0.00 sec. (0.20 ticks)","[2022-06-23T16:41:03Z, INFO] ","[2022-06-23T16:41:03Z, INFO] Root node processing (before b&c):","[2022-06-23T16:41:03Z, INFO]   Real time             =    0.00 sec. (0.22 ticks)","[2022-06-23T16:41:03Z, INFO] Sequential b&c:","[2022-06-23T16:41:03Z, INFO]   Real time             =    0.00 sec. (0.00 ticks)","[2022-06-23T16:41:03Z, INFO]                           ------------","[2022-06-23T16:41:03Z, INFO] Total (root+branch&cut) =    0.00 sec. (0.22 ticks)","[2022-06-23T16:41:03Z, INFO] Solve status: JobSolveStatus.OPTIMAL_SOLUTION","[2022-06-23T16:41:03Z, INFO] * model docplex_model1 solved with objective = -1403296.000","[2022-06-23T16:41:03Z, INFO] *  KPI: total plants allocations                    = 1889.000","[2022-06-23T16:41:03Z, INFO] *  KPI: total Cost of plants over all allocations   = 4078.000","[2022-06-23T16:41:03Z, INFO] *  KPI: total Profit of plants over all allocations = 7834.000","[2022-06-23T16:41:03Z, INFO] model solve done in 0.03903913497924805 secs","[2022-06-23T16:41:03Z, INFO] solution export done in 0.01821756362915039 secs","[2022-06-23T16:41:03Z, INFO] plantsAllocation.csv"]},"runtimeDetails":{"state":"STARTED"},"taskSetupMillis":3089,"taskSolveMillis":24314,"taskTearDownMillis":2985,"jobSpaceId":"93836c5e-53c6-4b3b-be08-a429054d1993","jobDeploymentId":"3797cd7e-20e4-4079-bc24-b0555a821fc1","jobId":"4d3fafa5-04e7-4677-8e97-c656231ecadb","ping":1656002467784}